experiment_id,noise_regime,track,seed,dataset,model,epochs,batch_size,lr,frobenius_error,condition_number,spectral_norm_inv,training_duration_sec,git_commit_sha,test_top1_acc,test_top5_acc,raw_test_ece,raw_ada_ece,raw_brier,temp_clean,ts_clean_test_ece,ts_clean_test_brier,temp_corrupted,ts_corrupted_test_ece,ts_corrupted_test_brier,val_calibration_delta,peak_val_acc,peak_epoch,final_val_acc,memorization_drop
PILOT-CIFAR10-PreActResNet18-ASYMMETRIC_0.4-CE-S1337,asymmetric_0.4,CE,1337,cifar10,PreActResNet18,30,128,0.05,0.0,5.537319187990758,5.000000000000003,1053.7049989700317,35e25d87b7e3feedbf6c121e1087789da5448ca3,81.91,99.48,0.0689258858919144,0.07032285389900206,0.2832498890897621,1.4798702001571655,0.08202503687441347,0.2881668769211813,1.5393186807632446,0.0835671874642372,0.2889548704388106,0.0015421505898237375,84.96000000000001,23,82.3,2.660000000000011
PILOT-CIFAR10-PreActResNet18-ASYMMETRIC_0.4-CE-S2024,asymmetric_0.4,CE,2024,cifar10,PreActResNet18,30,128,0.05,0.0,5.537319187990758,5.000000000000003,1052.6776976585388,35e25d87b7e3feedbf6c121e1087789da5448ca3,82.13,99.46000000000001,0.07667213965952399,0.07577313754856588,0.284776438860182,1.475235939025879,0.08815794873237608,0.29021307812820213,1.5058873891830444,0.08919162372201682,0.29062165038544724,0.0010336749896407427,84.54,21,82.22,2.3200000000000074
PILOT-CIFAR10-PreActResNet18-ASYMMETRIC_0.4-CE-S42,asymmetric_0.4,CE,42,cifar10,PreActResNet18,30,128,0.05,0.0,5.537319187990758,5.000000000000003,1045.1785128116608,35e25d87b7e3feedbf6c121e1087789da5448ca3,80.81,99.44,0.06009760918915273,0.057670575892925256,0.2849432293124745,1.4877525568008423,0.0644224818855524,0.28810615609791773,1.5236215591430664,0.0651109838396311,0.2884923112010741,0.0006885019540786991,83.3,23,81.42,1.8799999999999955
PILOT-CIFAR10-PreActResNet18-ASYMMETRIC_0.4-FORWARDCORRECTION_ANCHORT-S1337,asymmetric_0.4,ForwardCorrection_AnchorT,1337,cifar10,PreActResNet18,30,128,0.05,0.21391861564152848,5.410301810949369,4.906896234113005,1048.7495696544647,35e25d87b7e3feedbf6c121e1087789da5448ca3,86.79,99.64,0.042031511801481264,0.041614194440841676,0.20029612916816872,1.4952727556228638,0.011641079503297814,0.19540602084156877,1.7000519037246704,0.026522855904698366,0.19667401521243078,0.014881776401400553,88.12,26,87.86,0.2600000000000051
PILOT-CIFAR10-PreActResNet18-ASYMMETRIC_0.4-FORWARDCORRECTION_ANCHORT-S2024,asymmetric_0.4,ForwardCorrection_AnchorT,2024,cifar10,PreActResNet18,30,128,0.05,0.33762728734008973,8.302226343671903,7.46873073464419,1048.7333941459656,35e25d87b7e3feedbf6c121e1087789da5448ca3,82.04,99.57000000000001,0.12263426761925217,0.12263424331545827,0.32230281859626897,1.7459925413131714,0.0974535683006048,0.3140990673269619,1.800584077835083,0.09655554241687059,0.31375724609068706,-0.0008980258837342076,83.74,26,83.56,0.1799999999999926
PILOT-CIFAR10-PreActResNet18-ASYMMETRIC_0.4-FORWARDCORRECTION_ANCHORT-S42,asymmetric_0.4,ForwardCorrection_AnchorT,42,cifar10,PreActResNet18,30,128,0.05,0.33642620106714305,14.46497124657228,13.150744773235937,1050.8103313446045,35e25d87b7e3feedbf6c121e1087789da5448ca3,82.05,99.0,0.12309707779288294,0.12297965984940526,0.3217442563027476,1.7509299516677856,0.088331201633811,0.31013893921398866,1.7995625734329224,0.08723968532532456,0.3096834463322577,-0.0010915163084864454,82.96000000000001,24,82.32000000000001,0.6400000000000006
PILOT-CIFAR10-PreActResNet18-ASYMMETRIC_0.4-FORWARDCORRECTION_BADT-S1337,asymmetric_0.4,ForwardCorrection_BadT,1337,cifar10,PreActResNet18,30,128,0.05,1.284523257866513,10.13367129564329,9.999999999999996,1050.8090517520905,35e25d87b7e3feedbf6c121e1087789da5448ca3,87.16,99.59,0.062200940990448,0.06115205283761024,0.19839910613298076,1.5571684837341309,0.019340995259583018,0.18626615575654745,1.760396957397461,0.013199314738810076,0.1851120264663992,-0.006141680520772942,88.36,29,88.14,0.21999999999999886
PILOT-CIFAR10-PreActResNet18-ASYMMETRIC_0.4-FORWARDCORRECTION_BADT-S2024,asymmetric_0.4,ForwardCorrection_BadT,2024,cifar10,PreActResNet18,30,128,0.05,1.284523257866513,10.13367129564329,9.999999999999996,1049.881838798523,35e25d87b7e3feedbf6c121e1087789da5448ca3,86.87,99.51,0.06421136396527292,0.06410420852899551,0.200112356109539,1.5641380548477173,0.018683406400680565,0.18793171785928403,1.7642053365707397,0.009319258967041938,0.18697544143643421,-0.009364147433638626,88.02,28,87.56,0.45999999999999375
PILOT-CIFAR10-PreActResNet18-ASYMMETRIC_0.4-FORWARDCORRECTION_BADT-S42,asymmetric_0.4,ForwardCorrection_BadT,42,cifar10,PreActResNet18,30,128,0.05,1.284523257866513,10.13367129564329,9.999999999999996,1051.0234529972076,35e25d87b7e3feedbf6c121e1087789da5448ca3,87.08,99.56,0.05986712845861912,0.05986842785477637,0.20015788293484582,1.5470393896102905,0.01966529042571782,0.18917696337672832,1.750204086303711,0.008818193094432316,0.18824255434090245,-0.010847097331285504,87.34,25,87.02,0.3200000000000074
PILOT-CIFAR10-PreActResNet18-ASYMMETRIC_0.4-FORWARDCORRECTION_CONFIDENTLEARNINGT-S1337,asymmetric_0.4,ForwardCorrection_ConfidentLearningT,1337,cifar10,PreActResNet18,30,128,0.05,0.8364707949078604,36.18034432846268,34.587310461453924,1048.9930999279022,35e25d87b7e3feedbf6c121e1087789da5448ca3,81.68,96.87,0.13984457526803015,0.13984457871317865,0.32506229692802147,1.7801661491394043,0.08399552432745697,0.3070095634408678,1.8228768110275269,0.08023244680911304,0.30634017925899026,-0.003763077518343927,82.74,24,82.58,0.1599999999999966
PILOT-CIFAR10-PreActResNet18-ASYMMETRIC_0.4-FORWARDCORRECTION_CONFIDENTLEARNINGT-S2024,asymmetric_0.4,ForwardCorrection_ConfidentLearningT,2024,cifar10,PreActResNet18,30,128,0.05,0.833414460218525,37.109948915492254,35.250137332401124,1048.3073358535767,35e25d87b7e3feedbf6c121e1087789da5448ca3,85.03,99.54,0.07455601886510851,0.07361600167751312,0.22642486358888145,1.5852303504943848,0.030279240609705473,0.21009566130875365,1.7591372728347778,0.01904008975476028,0.2083356365059897,-0.01123915085494519,85.36,28,84.72,0.6400000000000006
PILOT-CIFAR10-PreActResNet18-ASYMMETRIC_0.4-FORWARDCORRECTION_CONFIDENTLEARNINGT-S42,asymmetric_0.4,ForwardCorrection_ConfidentLearningT,42,cifar10,PreActResNet18,30,128,0.05,0.8471862092893507,30.682288558671463,29.56164453302869,1050.8661141395569,35e25d87b7e3feedbf6c121e1087789da5448ca3,81.04,97.89,0.14352811022996903,0.14352810336351393,0.334333960086999,1.7767568826675415,0.08801509490013122,0.3146556761879207,1.8190796375274658,0.0842829129889607,0.313911869398447,-0.003732181911170515,81.92,26,81.60000000000001,0.3199999999999932
PILOT-CIFAR10-PreActResNet18-ASYMMETRIC_0.4-FORWARDCORRECTION_TRUET-S1337,asymmetric_0.4,ForwardCorrection_TrueT,1337,cifar10,PreActResNet18,30,128,0.05,0.0,5.537319187990758,5.000000000000003,1051.4599924087524,35e25d87b7e3feedbf6c121e1087789da5448ca3,87.83,99.59,0.0521388800829649,0.05198147914409637,0.18239655756652795,1.4948352575302124,0.010743662264943096,0.1734028850299337,1.7444140911102295,0.016410700240731234,0.17334884874418394,0.0056670379757881376,89.12,25,88.76,0.35999999999999943
PILOT-CIFAR10-PreActResNet18-ASYMMETRIC_0.4-FORWARDCORRECTION_TRUET-S2024,asymmetric_0.4,ForwardCorrection_TrueT,2024,cifar10,PreActResNet18,30,128,0.05,0.0,5.537319187990758,5.000000000000003,1051.4701194763184,35e25d87b7e3feedbf6c121e1087789da5448ca3,88.04,99.61,0.05115549261718987,0.05106063326001167,0.17979298408029645,1.5044853687286377,0.012331554926931873,0.17163362086797523,1.7510889768600464,0.01724626297056674,0.17173722135327607,0.004914708043634867,89.2,29,88.84,0.35999999999999943
PILOT-CIFAR10-PreActResNet18-ASYMMETRIC_0.4-FORWARDCORRECTION_TRUET-S42,asymmetric_0.4,ForwardCorrection_TrueT,42,cifar10,PreActResNet18,30,128,0.05,0.0,5.537319187990758,5.000000000000003,1048.6273102760315,35e25d87b7e3feedbf6c121e1087789da5448ca3,87.54,99.68,0.05062844201922413,0.049937406873703016,0.18735264633460438,1.4959259033203125,0.01177801466286184,0.1790722929144528,1.737493634223938,0.015659646511077867,0.17911590013644454,0.003881631848216027,88.02,24,87.94,0.0799999999999983
PILOT-CIFAR10-PreActResNet18-ASYMMETRIC_0.4-GCE-S1337,asymmetric_0.4,GCE,1337,cifar10,PreActResNet18,30,128,0.05,0.0,5.537319187990758,5.000000000000003,1051.969814300537,35e25d87b7e3feedbf6c121e1087789da5448ca3,78.43,99.17,0.11711761470586064,0.11705862482786178,0.33758625553087757,1.6356748342514038,0.05172440762668849,0.3123712776851232,1.6960256099700928,0.045041401986777765,0.31103597681591083,-0.006683005639910727,81.54,25,80.22,1.3200000000000074
PILOT-CIFAR10-PreActResNet18-ASYMMETRIC_0.4-GCE-S2024,asymmetric_0.4,GCE,2024,cifar10,PreActResNet18,30,128,0.05,0.0,5.537319187990758,5.000000000000003,1050.8355691432953,35e25d87b7e3feedbf6c121e1087789da5448ca3,79.29,99.06,0.10453017005324362,0.10453030821383001,0.317165769784472,1.6342099905014038,0.03851502468883991,0.2964209248136622,1.6941429376602173,0.033493131521344206,0.2955382566797609,-0.005021893167495704,81.34,28,80.3,1.0400000000000063
PILOT-CIFAR10-PreActResNet18-ASYMMETRIC_0.4-GCE-S42,asymmetric_0.4,GCE,42,cifar10,PreActResNet18,30,128,0.05,0.0,5.537319187990758,5.000000000000003,1052.5715610980988,35e25d87b7e3feedbf6c121e1087789da5448ca3,78.48,99.09,0.12024559937417503,0.12024561856389046,0.33699421335211444,1.65201735496521,0.05335698677152395,0.3105620226005842,1.6925538778305054,0.048871443206071855,0.3096241798314649,-0.004485543565452096,79.72,26,78.78,0.9399999999999977
PILOT-CIFAR10-PreActResNet18-ASYMMETRIC_0.4-SCE-S1337,asymmetric_0.4,SCE,1337,cifar10,PreActResNet18,30,128,0.05,0.0,5.537319187990758,5.000000000000003,1044.9072172641754,35e25d87b7e3feedbf6c121e1087789da5448ca3,59.550000000000004,96.24000000000001,0.3273503438979387,0.32735035259723666,0.7074731759252179,1.8171066045761108,0.24933563709706064,0.6231150383039276,1.8143506050109863,0.2496313433229923,0.6233787434991371,0.00029570622593166895,60.32,29,59.76,0.5600000000000023
PILOT-CIFAR10-PreActResNet18-ASYMMETRIC_0.4-SCE-S2024,asymmetric_0.4,SCE,2024,cifar10,PreActResNet18,30,128,0.05,0.0,5.537319187990758,5.000000000000003,1046.071682214737,35e25d87b7e3feedbf6c121e1087789da5448ca3,67.01,96.24000000000001,0.2575543508261442,0.25729460000991816,0.5686814342395944,1.8252558708190918,0.18878381171971556,0.507038818836475,1.8359484672546387,0.18776154887378216,0.5063612692072842,-0.0010222628459334027,68.32000000000001,29,67.54,0.7800000000000011
PILOT-CIFAR10-PreActResNet18-ASYMMETRIC_0.4-SCE-S42,asymmetric_0.4,SCE,42,cifar10,PreActResNet18,30,128,0.05,0.0,5.537319187990758,5.000000000000003,1045.357662677765,35e25d87b7e3feedbf6c121e1087789da5448ca3,62.870000000000005,96.37,0.2923397193625569,0.2921884139955044,0.6377180077918164,1.8197611570358276,0.21682222261130807,0.5646856272807167,1.8204063177108765,0.21675717331469058,0.5646344998047631,-6.504929661749204e-05,64.26,28,63.22,1.0400000000000063
PILOT-CIFAR10-PreActResNet18-CLEAN-CE-S1337,clean,CE,1337,cifar10,PreActResNet18,30,128,0.05,0.0,1.0,1.0,972.1764662265778,181e7ac1a42f35e742a7f2e879161bf6d949be7e,91.97,99.74000000000001,0.03935893283784385,0.03921668836474418,0.12580306680428816,1.5267746448516846,0.009416260011494183,0.11969945338982968,1.529522180557251,0.009140011808276215,0.11969006546051501,-0.00027624820321796827,92.2,28,92.08,0.12000000000000455
PILOT-CIFAR10-PreActResNet18-CLEAN-CE-S2024,clean,CE,2024,cifar10,PreActResNet18,30,128,0.05,0.0,1.0,1.0,977.2989375591278,181e7ac1a42f35e742a7f2e879161bf6d949be7e,91.74,99.75,0.04147640201747416,0.04112984014749527,0.12913712748132603,1.5159528255462646,0.012810382762551274,0.12211335359180148,1.531145691871643,0.011783752644062055,0.12202887847856982,-0.001026630118489219,92.58,29,92.42,0.1599999999999966
PILOT-CIFAR10-PreActResNet18-CLEAN-CE-S42,clean,CE,42,cifar10,PreActResNet18,30,128,0.05,0.0,1.0,1.0,973.7641394138336,181e7ac1a42f35e742a7f2e879161bf6d949be7e,91.77,99.74000000000001,0.04011199260950089,0.04011816878914833,0.1283768176543062,1.5133763551712036,0.01155960202813144,0.12214177763277617,1.518735408782959,0.010867751172184963,0.12211968005494675,-0.0006918508559464777,91.98,27,91.92,0.060000000000002274
PILOT-CIFAR10-PreActResNet18-CLEAN-FORWARDCORRECTION_ANCHORT-S1337,clean,ForwardCorrection_AnchorT,1337,cifar10,PreActResNet18,30,128,0.05,0.12801179628944212,1.1323228262601894,1.128944825347961,971.7526977062225,181e7ac1a42f35e742a7f2e879161bf6d949be7e,91.76,99.82000000000001,0.04049762971699235,0.04045128605365754,0.12688224709758125,1.5379490852355957,0.00891627749502658,0.1200594791277113,1.5390223264694214,0.00885715791881086,0.12005506863357877,-5.911957621572081e-05,91.98,29,91.94,0.04000000000000625
PILOT-CIFAR10-PreActResNet18-CLEAN-FORWARDCORRECTION_ANCHORT-S2024,clean,ForwardCorrection_AnchorT,2024,cifar10,PreActResNet18,30,128,0.05,0.2734621421705584,1.3427561694893178,1.3232724323948377,973.4643836021423,181e7ac1a42f35e742a7f2e879161bf6d949be7e,91.47,99.72,0.0439067267775536,0.04343744953274727,0.13139205494196907,1.5242118835449219,0.01178065131902696,0.12378794616609146,1.5312761068344116,0.011180571627616898,0.12374866009031543,-0.0006000796914100628,92.22,28,92.18,0.03999999999999204
PILOT-CIFAR10-PreActResNet18-CLEAN-FORWARDCORRECTION_ANCHORT-S42,clean,ForwardCorrection_AnchorT,42,cifar10,PreActResNet18,30,128,0.05,0.18419004623392213,1.2060141917168279,1.2021357306296214,969.135231256485,181e7ac1a42f35e742a7f2e879161bf6d949be7e,91.64,99.72,0.043973556339740795,0.043333078438043605,0.13190688195686717,1.5349419116973877,0.014678413957357427,0.12413005663552769,1.5434600114822388,0.014460898306965807,0.12407699263882507,-0.0002175156503916205,91.84,29,91.84,0.0
PILOT-CIFAR10-PreActResNet18-CLEAN-FORWARDCORRECTION_BADT-S1337,clean,ForwardCorrection_BadT,1337,cifar10,PreActResNet18,30,128,0.05,1.5,2.0,2.0000000000000013,975.8368186950684,181e7ac1a42f35e742a7f2e879161bf6d949be7e,90.59,99.68,0.054376989847421627,0.05437484891414641,0.1458168037164235,1.5606974363327026,0.021530361568927743,0.1355546829714079,1.566657304763794,0.02111447724699977,0.13549766151567363,-0.00041588432192797217,91.72,30,91.72,0.0
PILOT-CIFAR10-PreActResNet18-CLEAN-FORWARDCORRECTION_BADT-S2024,clean,ForwardCorrection_BadT,2024,cifar10,PreActResNet18,30,128,0.05,1.5,2.0,2.0000000000000013,975.9550445079803,181e7ac1a42f35e742a7f2e879161bf6d949be7e,91.16,99.76,0.04908860626667736,0.04858331788182258,0.1407778123450262,1.5534526109695435,0.018250918701291072,0.13185713618906988,1.5619343519210815,0.01837880055308346,0.13179087912008067,0.00012788185179238992,91.68,30,91.68,0.0
PILOT-CIFAR10-PreActResNet18-CLEAN-FORWARDCORRECTION_BADT-S42,clean,ForwardCorrection_BadT,42,cifar10,PreActResNet18,30,128,0.05,1.5,2.0,2.0000000000000013,979.1296539306641,181e7ac1a42f35e742a7f2e879161bf6d949be7e,91.0,99.68,0.05200556223541494,0.051725639206171035,0.14176700663700229,1.5714985132217407,0.018926724895834923,0.1323466099502449,1.5558429956436157,0.020161289021372777,0.1324749415047417,0.001234564125537855,90.86,30,90.86,0.0
PILOT-CIFAR10-PreActResNet18-CLEAN-FORWARDCORRECTION_CONFIDENTLEARNINGT-S1337,clean,ForwardCorrection_ConfidentLearningT,1337,cifar10,PreActResNet18,30,128,0.05,1.0017202942086398,2.34265436570994,2.3287365318618694,980.1591229438782,181e7ac1a42f35e742a7f2e879161bf6d949be7e,91.02,99.76,0.05062742934823033,0.05029509429335594,0.14104339295107815,1.576127529144287,0.01722330112457273,0.13131176200801517,1.5738872289657593,0.01737966284751894,0.13133023026283683,0.00015636172294621054,91.52,30,91.52,0.0
PILOT-CIFAR10-PreActResNet18-CLEAN-FORWARDCORRECTION_CONFIDENTLEARNINGT-S2024,clean,ForwardCorrection_ConfidentLearningT,2024,cifar10,PreActResNet18,30,128,0.05,0.9860408970522736,2.12904433976008,2.11095238164555,976.9410238265991,181e7ac1a42f35e742a7f2e879161bf6d949be7e,91.36,99.79,0.04839516478776934,0.04724547216296197,0.13953384073223934,1.5816444158554077,0.015745334404706986,0.13097385257682714,1.578989863395691,0.01593615516424178,0.13099285406167713,0.00019082075953479397,91.64,26,91.36,0.28000000000000114
PILOT-CIFAR10-PreActResNet18-CLEAN-FORWARDCORRECTION_CONFIDENTLEARNINGT-S42,clean,ForwardCorrection_ConfidentLearningT,42,cifar10,PreActResNet18,30,128,0.05,1.0263637147374882,2.3111208671281043,2.2728948320041376,977.3839538097382,181e7ac1a42f35e742a7f2e879161bf6d949be7e,91.2,99.73,0.04892751544713973,0.048823489260673515,0.14199255016381207,1.5698901414871216,0.019560128928720968,0.13285071379514857,1.5702886581420898,0.01953803404718641,0.1328474818846913,-2.2094881534557437e-05,91.22,29,91.06,0.1599999999999966
PILOT-CIFAR10-PreActResNet18-CLEAN-FORWARDCORRECTION_TRUET-S1337,clean,ForwardCorrection_TrueT,1337,cifar10,PreActResNet18,30,128,0.05,0.0,1.0,1.0,972.0131437778473,181e7ac1a42f35e742a7f2e879161bf6d949be7e,91.74,99.77,0.04010313868522643,0.039937822186946866,0.12833346011684144,1.5304818153381348,0.010620709276199332,0.12229144549255234,1.5365301370620728,0.009918638807535136,0.12227155720979863,-0.0007020704686641951,91.88,28,91.84,0.03999999999999204
PILOT-CIFAR10-PreActResNet18-CLEAN-FORWARDCORRECTION_TRUET-S2024,clean,ForwardCorrection_TrueT,2024,cifar10,PreActResNet18,30,128,0.05,0.0,1.0,1.0,970.0313575267792,181e7ac1a42f35e742a7f2e879161bf6d949be7e,91.51,99.69,0.04439170334637164,0.04430472891330719,0.13367478854658651,1.5280581712722778,0.012483794498443598,0.12659255723349533,1.5304042100906372,0.012264864552021032,0.12657920959105096,-0.0002189299464225667,92.68,28,92.56,0.12000000000000455
PILOT-CIFAR10-PreActResNet18-CLEAN-FORWARDCORRECTION_TRUET-S42,clean,ForwardCorrection_TrueT,42,cifar10,PreActResNet18,30,128,0.05,0.0,1.0,1.0,978.198281288147,181e7ac1a42f35e742a7f2e879161bf6d949be7e,91.68,99.72,0.041515401306748384,0.041413499277830126,0.13124213381595756,1.5206667184829712,0.011460835340619096,0.12445956281589367,1.5192580223083496,0.011499583572149261,0.12446671345557743,3.874823153016474e-05,91.92,29,91.92,0.0
PILOT-CIFAR10-PreActResNet18-CLEAN-GCE-S1337,clean,GCE,1337,cifar10,PreActResNet18,30,128,0.05,0.0,1.0,1.0,978.0041201114655,181e7ac1a42f35e742a7f2e879161bf6d949be7e,90.29,99.63,0.06312903018891808,0.06267766205668447,0.15794348500464778,1.6406856775283813,0.02931844672262672,0.14481438419859113,1.6328330039978027,0.029889365440607104,0.14491484463942592,0.0005709187179803836,90.72,28,90.62,0.09999999999999432
PILOT-CIFAR10-PreActResNet18-CLEAN-GCE-S2024,clean,GCE,2024,cifar10,PreActResNet18,30,128,0.05,0.0,1.0,1.0,978.4756660461426,181e7ac1a42f35e742a7f2e879161bf6d949be7e,89.79,99.56,0.06711753847599032,0.06711757561564446,0.1673907639223552,1.641176462173462,0.0333270923703909,0.1540617387667024,1.6350857019424438,0.03379567801952361,0.15414458113341126,0.00046858564913270645,90.92,29,90.78,0.14000000000000057
PILOT-CIFAR10-PreActResNet18-CLEAN-GCE-S42,clean,GCE,42,cifar10,PreActResNet18,30,128,0.05,0.0,1.0,1.0,977.2921588420868,181e7ac1a42f35e742a7f2e879161bf6d949be7e,90.01,99.65,0.06613588886559005,0.06547714949250222,0.16449248366535782,1.6283317804336548,0.033933571428060555,0.15123093521633596,1.6340214014053345,0.033489932757616046,0.1511530880261731,-0.0004436386704445086,90.42,28,90.42,0.0
PILOT-CIFAR10-PreActResNet18-CLEAN-SCE-S1337,clean,SCE,1337,cifar10,PreActResNet18,30,128,0.05,0.0,1.0,1.0,974.1344602108002,181e7ac1a42f35e742a7f2e879161bf6d949be7e,79.79,98.7,0.16389496843516824,0.1638948773920536,0.3554360455389368,1.8401018381118774,0.1247756040543318,0.32328484488455944,1.840411901473999,0.12475956122279167,0.3232745622163458,-1.6042831540136193e-05,80.26,30,80.26,0.0
PILOT-CIFAR10-PreActResNet18-CLEAN-SCE-S2024,clean,SCE,2024,cifar10,PreActResNet18,30,128,0.05,0.0,1.0,1.0,979.1814262866974,181e7ac1a42f35e742a7f2e879161bf6d949be7e,82.16,98.95,0.1459760116934776,0.14595708367228505,0.3176802135986293,1.8425039052963257,0.11180177605748179,0.28976853030042393,1.843367338180542,0.11170817024707796,0.28974349704917957,-9.360581040382399e-05,82.58,29,82.10000000000001,0.47999999999998977
PILOT-CIFAR10-PreActResNet18-CLEAN-SCE-S42,clean,SCE,42,cifar10,PreActResNet18,30,128,0.05,0.0,1.0,1.0,976.3572900295258,181e7ac1a42f35e742a7f2e879161bf6d949be7e,81.13,98.68,0.15422361830472944,0.1541516577124596,0.3356017480734215,1.8415290117263794,0.11828423602730034,0.30489869481755344,1.8421173095703125,0.11825594708919525,0.3048798889476637,-2.828893810509492e-05,80.5,30,80.5,0.0
PILOT-CIFAR10-PreActResNet18-SYMMETRIC_0.2-CE-S1337,symmetric_0.2,CE,1337,cifar10,PreActResNet18,30,128,0.05,0.0,1.2857142857142858,1.2857142857142858,1057.6361601352692,181e7ac1a42f35e742a7f2e879161bf6d949be7e,84.69,97.46000000000001,0.08215269564837217,0.08196783892810346,0.244249184130072,0.9267292618751526,0.05222714759260418,0.23827976982720725,1.40989089012146,0.24343125349879266,0.3107875622059142,0.19120410590618847,85.92,20,85.18,0.7399999999999949
PILOT-CIFAR10-PreActResNet18-SYMMETRIC_0.2-CE-S2024,symmetric_0.2,CE,2024,cifar10,PreActResNet18,30,128,0.05,0.0,1.2857142857142858,1.2857142857142858,1058.607031583786,181e7ac1a42f35e742a7f2e879161bf6d949be7e,85.44,97.93,0.09146355964541435,0.09306635630130766,0.2382856526531897,0.056588247418403625,0.13964734889566896,0.28334373077119585,1.3940707445144653,0.24965875813663002,0.3061116092523202,0.11001140924096106,86.96000000000001,26,86.48,0.480000000000004
PILOT-CIFAR10-PreActResNet18-SYMMETRIC_0.2-CE-S42,symmetric_0.2,CE,42,cifar10,PreActResNet18,30,128,0.05,0.0,1.2857142857142858,1.2857142857142858,1048.7730865478516,181e7ac1a42f35e742a7f2e879161bf6d949be7e,84.92,97.71000000000001,0.08114034632742405,0.08028438730239867,0.24222157557256183,0.8942604064941406,0.04178571519553662,0.2344859323957713,1.4073200225830078,0.23954998295754193,0.30640488189199167,0.1977642677620053,87.02,24,85.36,1.6599999999999966
PILOT-CIFAR10-PreActResNet18-SYMMETRIC_0.2-FORWARDCORRECTION_ANCHORT-S1337,symmetric_0.2,ForwardCorrection_AnchorT,1337,cifar10,PreActResNet18,30,128,0.05,0.3301513299518634,1.8973512047051635,1.8785125390029331,1059.8542852401733,181e7ac1a42f35e742a7f2e879161bf6d949be7e,86.06,98.76,0.03320116662085057,0.0332060643017292,0.20678095892808687,1.3557963371276855,0.03249951329529286,0.20899768006824435,1.709299087524414,0.09795524020045994,0.2255362164021628,0.06545572690516707,86.96000000000001,27,86.86,0.10000000000000853
PILOT-CIFAR10-PreActResNet18-SYMMETRIC_0.2-FORWARDCORRECTION_ANCHORT-S2024,symmetric_0.2,ForwardCorrection_AnchorT,2024,cifar10,PreActResNet18,30,128,0.05,0.36712899050297915,2.083100756035834,2.0660890251512725,1060.4976720809937,181e7ac1a42f35e742a7f2e879161bf6d949be7e,86.89,98.65,0.023555083948373773,0.022718833065032962,0.19932303699345724,1.318505883216858,0.04030020572841167,0.20307697368962935,1.6839505434036255,0.11858610225766895,0.22336566238908967,0.07828589652925728,87.76,28,87.34,0.4200000000000017
PILOT-CIFAR10-PreActResNet18-SYMMETRIC_0.2-FORWARDCORRECTION_ANCHORT-S42,symmetric_0.2,ForwardCorrection_AnchorT,42,cifar10,PreActResNet18,30,128,0.05,0.33333091178084506,1.8657369487358646,1.850934903195792,1059.2697277069092,181e7ac1a42f35e742a7f2e879161bf6d949be7e,86.88,98.74000000000001,0.034440452906489366,0.033748150435090066,0.20099998097312688,1.3365901708602905,0.026467990615963926,0.20164005895714715,1.7209439277648926,0.09329063859134915,0.21719429532061135,0.06682264797538522,87.94,30,87.94,0.0
PILOT-CIFAR10-PreActResNet18-SYMMETRIC_0.2-FORWARDCORRECTION_BADT-S1337,symmetric_0.2,ForwardCorrection_BadT,1337,cifar10,PreActResNet18,30,128,0.05,1.1666666666666665,2.5714285714285725,2.5714285714285716,1061.522308588028,181e7ac1a42f35e742a7f2e879161bf6d949be7e,88.63,99.51,0.06196277517676351,0.0617124195754528,0.17924846934624752,1.5490854978561401,0.021185438552498832,0.16798230588540194,1.8345191478729248,0.009839894799888137,0.167177510421724,-0.011345543752610696,89.16,27,88.92,0.23999999999999488
PILOT-CIFAR10-PreActResNet18-SYMMETRIC_0.2-FORWARDCORRECTION_BADT-S2024,symmetric_0.2,ForwardCorrection_BadT,2024,cifar10,PreActResNet18,30,128,0.05,1.1666666666666665,2.5714285714285725,2.5714285714285716,1058.974633693695,181e7ac1a42f35e742a7f2e879161bf6d949be7e,88.57000000000001,99.36,0.06092497689276937,0.060868750786781306,0.17793158033698953,1.532297134399414,0.020676315307617217,0.16683079487855565,1.8313275575637817,0.009918530987203102,0.165881658249247,-0.010757784320414115,89.72,28,89.5,0.21999999999999886
PILOT-CIFAR10-PreActResNet18-SYMMETRIC_0.2-FORWARDCORRECTION_BADT-S42,symmetric_0.2,ForwardCorrection_BadT,42,cifar10,PreActResNet18,30,128,0.05,1.1666666666666665,2.5714285714285725,2.5714285714285716,1058.8582265377045,181e7ac1a42f35e742a7f2e879161bf6d949be7e,88.7,99.47,0.061151167404651624,0.060972787231206894,0.1794619529582246,1.5423346757888794,0.020970759740471814,0.16818212109478164,1.8319199085235596,0.009813200224936005,0.1672158487293141,-0.01115755951553581,89.12,29,88.96000000000001,0.1599999999999966
PILOT-CIFAR10-PreActResNet18-SYMMETRIC_0.2-FORWARDCORRECTION_CONFIDENTLEARNINGT-S1337,symmetric_0.2,ForwardCorrection_ConfidentLearningT,1337,cifar10,PreActResNet18,30,128,0.05,0.9572850252930639,3.7579208214924487,3.72389546239277,1058.6083891391754,181e7ac1a42f35e742a7f2e879161bf6d949be7e,87.82000000000001,99.36,0.06383706184029583,0.06383727032542229,0.19150973154828294,1.5324277877807617,0.021738427019119284,0.18039420351716753,1.8184044361114502,0.01468184464871881,0.18015607502280095,-0.007056582370400473,88.56,30,88.56,0.0
PILOT-CIFAR10-PreActResNet18-SYMMETRIC_0.2-FORWARDCORRECTION_CONFIDENTLEARNINGT-S2024,symmetric_0.2,ForwardCorrection_ConfidentLearningT,2024,cifar10,PreActResNet18,30,128,0.05,0.9898257479066017,3.295920925679954,3.2730393849863804,1057.7565822601318,181e7ac1a42f35e742a7f2e879161bf6d949be7e,87.8,99.29,0.06607589662969116,0.0659204571545124,0.19069622447318899,1.5463610887527466,0.02251727155745026,0.17815434219846524,1.82188081741333,0.011998447015881514,0.17713854964632844,-0.010518824541568748,88.94,26,88.64,0.29999999999999716
PILOT-CIFAR10-PreActResNet18-SYMMETRIC_0.2-FORWARDCORRECTION_CONFIDENTLEARNINGT-S42,symmetric_0.2,ForwardCorrection_ConfidentLearningT,42,cifar10,PreActResNet18,30,128,0.05,0.9407937156927708,3.459476299297889,3.4449677397233525,1057.9542727470398,181e7ac1a42f35e742a7f2e879161bf6d949be7e,88.11,99.27,0.06065641810297969,0.06055936492085457,0.18694506053707785,1.5387824773788452,0.0179636244952679,0.17625627021391632,1.8176262378692627,0.016221372294425936,0.176185435495043,-0.0017422522008419643,87.56,30,87.56,0.0
PILOT-CIFAR10-PreActResNet18-SYMMETRIC_0.2-FORWARDCORRECTION_TRUET-S1337,symmetric_0.2,ForwardCorrection_TrueT,1337,cifar10,PreActResNet18,30,128,0.05,0.0,1.2857142857142858,1.2857142857142858,1061.023132801056,181e7ac1a42f35e742a7f2e879161bf6d949be7e,87.03,99.27,0.03972281985580921,0.039526294648647306,0.19521152429060257,1.3950861692428589,0.011954926699399907,0.19151550768041156,1.754087209701538,0.06705919918715955,0.19914430749180584,0.05510427248775965,87.86,27,87.76,0.09999999999999432
PILOT-CIFAR10-PreActResNet18-SYMMETRIC_0.2-FORWARDCORRECTION_TRUET-S2024,symmetric_0.2,ForwardCorrection_TrueT,2024,cifar10,PreActResNet18,30,128,0.05,0.0,1.2857142857142858,1.2857142857142858,1061.741198539734,181e7ac1a42f35e742a7f2e879161bf6d949be7e,87.62,99.38,0.04358510592579838,0.043594756811857205,0.18470404257981507,1.4192559719085693,0.00795088295042513,0.1799799355319092,1.768449068069458,0.05735089777112005,0.18613247074022599,0.04940001482069492,88.4,23,88.14,0.2600000000000051
PILOT-CIFAR10-PreActResNet18-SYMMETRIC_0.2-FORWARDCORRECTION_TRUET-S42,symmetric_0.2,ForwardCorrection_TrueT,42,cifar10,PreActResNet18,30,128,0.05,0.0,1.2857142857142858,1.2857142857142858,1060.7177183628082,181e7ac1a42f35e742a7f2e879161bf6d949be7e,87.46000000000001,99.15,0.03978167309612034,0.039792868930101394,0.1865116324391126,1.3877410888671875,0.009636423662304872,0.18300837313056326,1.7592523097991943,0.06472398332953455,0.19075929388193416,0.05508755966722968,88.2,25,87.9,0.29999999999999716
PILOT-CIFAR10-PreActResNet18-SYMMETRIC_0.2-GCE-S1337,symmetric_0.2,GCE,1337,cifar10,PreActResNet18,30,128,0.05,0.0,1.2857142857142858,1.2857142857142858,1058.2859756946564,181e7ac1a42f35e742a7f2e879161bf6d949be7e,87.96000000000001,99.5,0.07747161110341554,0.07747177626490592,0.19556731638484692,1.60545814037323,0.036873443166911615,0.17966433889688802,1.843587875366211,0.01964100853055714,0.17678142965088164,-0.017232434636354474,88.9,26,88.86,0.04000000000000625
PILOT-CIFAR10-PreActResNet18-SYMMETRIC_0.2-GCE-S2024,symmetric_0.2,GCE,2024,cifar10,PreActResNet18,30,128,0.05,0.0,1.2857142857142858,1.2857142857142858,1058.3264696598053,181e7ac1a42f35e742a7f2e879161bf6d949be7e,88.08,99.39,0.07657003320753578,0.07557827856540682,0.19549645233249752,1.6162179708480835,0.03742497577369211,0.18033891699128568,1.8448741436004639,0.01902044827342035,0.17793407376743975,-0.01840452750027176,88.48,29,88.34,0.14000000000000057
PILOT-CIFAR10-PreActResNet18-SYMMETRIC_0.2-GCE-S42,symmetric_0.2,GCE,42,cifar10,PreActResNet18,30,128,0.05,0.0,1.2857142857142858,1.2857142857142858,1061.501181602478,181e7ac1a42f35e742a7f2e879161bf6d949be7e,88.46000000000001,99.45,0.07103887320458888,0.0707261011004448,0.18905515254998723,1.612318754196167,0.030375263884663564,0.17442645676384083,1.8439010381698608,0.017452327474951745,0.17232678898020887,-0.01292293640971182,88.5,28,88.22,0.28000000000000114
PILOT-CIFAR10-PreActResNet18-SYMMETRIC_0.2-SCE-S1337,symmetric_0.2,SCE,1337,cifar10,PreActResNet18,30,128,0.05,0.0,1.2857142857142858,1.2857142857142858,1048.58869099617,181e7ac1a42f35e742a7f2e879161bf6d949be7e,79.26,97.98,0.1534465497136116,0.15344648066759112,0.35377583764102893,1.7360178232192993,0.09340680199116472,0.3192140907931177,1.8444902896881104,0.0828453970506787,0.31545912689490685,-0.010561404940486019,78.88,30,78.88,0.0
PILOT-CIFAR10-PreActResNet18-SYMMETRIC_0.2-SCE-S2024,symmetric_0.2,SCE,2024,cifar10,PreActResNet18,30,128,0.05,0.0,1.2857142857142858,1.2857142857142858,1054.454068660736,181e7ac1a42f35e742a7f2e879161bf6d949be7e,77.82000000000001,97.52,0.1705267151147127,0.17052675657868388,0.3841421828153506,1.7155909538269043,0.10375569100975993,0.3463181394407601,1.8217988014221191,0.08989249007701877,0.34187326393182854,-0.013863200932741154,78.18,30,78.18,0.0
PILOT-CIFAR10-PreActResNet18-SYMMETRIC_0.2-SCE-S42,symmetric_0.2,SCE,42,cifar10,PreActResNet18,30,128,0.05,0.0,1.2857142857142858,1.2857142857142858,1049.7456421852112,181e7ac1a42f35e742a7f2e879161bf6d949be7e,77.44,97.76,0.1685109451323748,0.1685109034121036,0.3849013187158221,1.7425397634506226,0.10590849911123512,0.3462659134137138,1.8445154428482056,0.09506623923927546,0.34223675157490563,-0.010842259871959664,77.4,29,77.36,0.04000000000000625
PILOT-CIFAR10-PreActResNet18-SYMMETRIC_0.5-CE-S1337,symmetric_0.5,CE,1337,cifar10,PreActResNet18,30,128,0.05,0.0,2.2500000000000004,2.2500000000000004,945.8510046005249,181e7ac1a42f35e742a7f2e879161bf6d949be7e,74.67,94.45,0.26359734588563444,0.26357140238285065,0.46375997142056075,1.2494622468948364,0.3560679472878575,0.5330730233603407,1.4430545568466187,0.406502060098946,0.5799667848559023,0.050434112811088505,78.26,23,75.74,2.5200000000000102
PILOT-CIFAR10-PreActResNet18-SYMMETRIC_0.5-CE-S2024,symmetric_0.5,CE,2024,cifar10,PreActResNet18,30,128,0.05,0.0,2.2500000000000004,2.2500000000000004,945.2154452800751,181e7ac1a42f35e742a7f2e879161bf6d949be7e,75.34,95.07000000000001,0.2717279199838638,0.27157744339555506,0.4640755087264202,1.256968379020691,0.36432440200448035,0.5338947804697796,1.4479159116744995,0.4130252208948136,0.5790712025136585,0.04870081889033323,77.28,23,74.58,2.700000000000003
PILOT-CIFAR10-PreActResNet18-SYMMETRIC_0.5-CE-S42,symmetric_0.5,CE,42,cifar10,PreActResNet18,30,128,0.05,0.0,2.2500000000000004,2.2500000000000004,937.1542420387268,181e7ac1a42f35e742a7f2e879161bf6d949be7e,73.35000000000001,93.75,0.24327755371779203,0.24325096368491642,0.4740286396555979,1.2627023458480835,0.33864378082305197,0.5403609429889039,1.4832725524902344,0.39420078668147324,0.5894857444655075,0.05555700585842127,77.9,18,74.14,3.760000000000005
PILOT-CIFAR10-PreActResNet18-SYMMETRIC_0.5-FORWARDCORRECTION_ANCHORT-S1337,symmetric_0.5,ForwardCorrection_AnchorT,1337,cifar10,PreActResNet18,30,128,0.05,0.5559084816005686,11.811201634819012,11.655663034045112,946.3021252155304,181e7ac1a42f35e742a7f2e879161bf6d949be7e,79.28,97.95,0.07390768536627296,0.07223711806535721,0.313630311278841,1.4404830932617188,0.027195709696412097,0.3066568641341771,1.8165764808654785,0.08589923350811006,0.3183817864246421,0.058703523811697966,80.04,29,79.86,0.18000000000000682
PILOT-CIFAR10-PreActResNet18-SYMMETRIC_0.5-FORWARDCORRECTION_ANCHORT-S2024,symmetric_0.5,ForwardCorrection_AnchorT,2024,cifar10,PreActResNet18,30,128,0.05,0.46267774191620664,7.779899527178721,7.6789447061801,946.3073987960815,181e7ac1a42f35e742a7f2e879161bf6d949be7e,77.68,97.17,0.07012522369921209,0.07009740903675556,0.3302050747652642,1.4247615337371826,0.025716610357165357,0.3241155872727957,1.7961900234222412,0.09722394207268953,0.3379166281752433,0.07150733171552417,79.5,26,78.8,0.7000000000000028
PILOT-CIFAR10-PreActResNet18-SYMMETRIC_0.5-FORWARDCORRECTION_ANCHORT-S42,symmetric_0.5,ForwardCorrection_AnchorT,42,cifar10,PreActResNet18,30,128,0.05,0.4912082357194146,5.947338581519465,5.913955388029807,947.473236322403,181e7ac1a42f35e742a7f2e879161bf6d949be7e,78.03,97.22,0.06360919067859651,0.0611544732004404,0.33315130117352987,1.4024202823638916,0.04129517141282558,0.33093551640762625,1.7973474264144897,0.11171553575694562,0.3479875028531509,0.07042036434412005,78.72,27,78.38,0.3400000000000034
PILOT-CIFAR10-PreActResNet18-SYMMETRIC_0.5-FORWARDCORRECTION_BADT-S1337,symmetric_0.5,ForwardCorrection_BadT,1337,cifar10,PreActResNet18,30,128,0.05,0.6666666666666667,4.500000000000002,4.500000000000001,946.9118478298187,181e7ac1a42f35e742a7f2e879161bf6d949be7e,82.84,98.85000000000001,0.0868768140077591,0.08665996958315371,0.2676444654446556,1.522507667541504,0.025530715151131166,0.25108195070693445,1.8538670539855957,0.026333279681205732,0.25097516672725595,0.0008025645300745662,83.02,30,83.02,0.0
PILOT-CIFAR10-PreActResNet18-SYMMETRIC_0.5-FORWARDCORRECTION_BADT-S2024,symmetric_0.5,ForwardCorrection_BadT,2024,cifar10,PreActResNet18,30,128,0.05,0.6666666666666667,4.500000000000002,4.500000000000001,947.1570363044739,181e7ac1a42f35e742a7f2e879161bf6d949be7e,81.83,98.86,0.09317984356284142,0.09318060549795626,0.2812987220692827,1.540808081626892,0.02785974490791561,0.26373626332489497,1.8500113487243652,0.020569309626519663,0.2631488242443209,-0.007290435281395946,83.02,29,82.72,0.29999999999999716
PILOT-CIFAR10-PreActResNet18-SYMMETRIC_0.5-FORWARDCORRECTION_BADT-S42,symmetric_0.5,ForwardCorrection_BadT,42,cifar10,PreActResNet18,30,128,0.05,0.6666666666666667,4.500000000000002,4.500000000000001,946.6463277339935,181e7ac1a42f35e742a7f2e879161bf6d949be7e,81.34,98.86,0.09855405591577288,0.09849012567698953,0.2880189054124577,1.5181423425674438,0.03355743952393532,0.2678652145571921,1.8480442762374878,0.017668313181400313,0.2662052683878722,-0.015889126342535007,82.04,28,81.9,0.14000000000000057
PILOT-CIFAR10-PreActResNet18-SYMMETRIC_0.5-FORWARDCORRECTION_CONFIDENTLEARNINGT-S1337,symmetric_0.5,ForwardCorrection_ConfidentLearningT,1337,cifar10,PreActResNet18,30,128,0.05,0.7403136478066717,16.151349168040728,16.136561673518294,947.3120856285095,181e7ac1a42f35e742a7f2e879161bf6d949be7e,80.02,98.58,0.10312327225506307,0.10312325333356856,0.3101192556498532,1.540642261505127,0.03214582330584527,0.2903656686783839,1.8456666469573975,0.019575540100038053,0.28979873429268393,-0.012570283205807217,80.76,29,80.58,0.18000000000000682
PILOT-CIFAR10-PreActResNet18-SYMMETRIC_0.5-FORWARDCORRECTION_CONFIDENTLEARNINGT-S2024,symmetric_0.5,ForwardCorrection_ConfidentLearningT,2024,cifar10,PreActResNet18,30,128,0.05,0.7353181335112953,13.447275899327911,13.436012062301037,946.7651331424713,181e7ac1a42f35e742a7f2e879161bf6d949be7e,79.86,98.55,0.1060028661593795,0.10600286841094496,0.3139876925903424,1.555461049079895,0.03165588100999595,0.2927023487285484,1.8413434028625488,0.01864636888355016,0.29179292789997247,-0.013009512126445792,79.60000000000001,26,79.36,0.2400000000000091
PILOT-CIFAR10-PreActResNet18-SYMMETRIC_0.5-FORWARDCORRECTION_CONFIDENTLEARNINGT-S42,symmetric_0.5,ForwardCorrection_ConfidentLearningT,42,cifar10,PreActResNet18,30,128,0.05,0.7133572258940227,13.101786542239196,13.095198838100524,947.0370213985443,181e7ac1a42f35e742a7f2e879161bf6d949be7e,80.03,98.64,0.10495853153467175,0.10495850434303283,0.309198521396466,1.5441234111785889,0.031793484595418,0.28914006929266495,1.8418201208114624,0.021975854791700843,0.2887531114678206,-0.00981762980371716,80.48,30,80.48,0.0
PILOT-CIFAR10-PreActResNet18-SYMMETRIC_0.5-FORWARDCORRECTION_TRUET-S1337,symmetric_0.5,ForwardCorrection_TrueT,1337,cifar10,PreActResNet18,30,128,0.05,0.0,2.2500000000000004,2.2500000000000004,947.3302752971649,181e7ac1a42f35e742a7f2e879161bf6d949be7e,79.29,98.34,0.062261109444499,0.06172675591707229,0.3009149685492733,1.3599028587341309,0.013231198313832262,0.2944716935844402,1.805574655532837,0.0987532515257597,0.30913250763407957,0.08552205321192743,81.9,24,80.62,1.2800000000000011
PILOT-CIFAR10-PreActResNet18-SYMMETRIC_0.5-FORWARDCORRECTION_TRUET-S2024,symmetric_0.5,ForwardCorrection_TrueT,2024,cifar10,PreActResNet18,30,128,0.05,0.0,2.2500000000000004,2.2500000000000004,947.0458924770355,181e7ac1a42f35e742a7f2e879161bf6d949be7e,79.83,98.3,0.052842987942695596,0.05182974198460579,0.2932352188159167,1.36635422706604,0.019204712654650194,0.28932320902989195,1.8012149333953857,0.10743185874819756,0.3061107430840243,0.08822714609354737,80.32000000000001,26,80.06,0.2600000000000051
PILOT-CIFAR10-PreActResNet18-SYMMETRIC_0.5-FORWARDCORRECTION_TRUET-S42,symmetric_0.5,ForwardCorrection_TrueT,42,cifar10,PreActResNet18,30,128,0.05,0.0,2.2500000000000004,2.2500000000000004,946.2431108951569,181e7ac1a42f35e742a7f2e879161bf6d949be7e,78.4,98.16,0.05588656890392306,0.05550483728647232,0.30941580174199224,1.3526862859725952,0.018294182929396628,0.30502443985959526,1.7967519760131836,0.11224276032894848,0.32321876580994885,0.09394857739955184,80.42,23,78.96000000000001,1.4599999999999937
PILOT-CIFAR10-PreActResNet18-SYMMETRIC_0.5-GCE-S1337,symmetric_0.5,GCE,1337,cifar10,PreActResNet18,30,128,0.05,0.0,2.2500000000000004,2.2500000000000004,948.3685357570648,181e7ac1a42f35e742a7f2e879161bf6d949be7e,82.82000000000001,98.72,0.08985230535715816,0.08957865286171435,0.2682443401990727,1.5314823389053345,0.028080421969294556,0.25084215043301294,1.848214030265808,0.02672191954851152,0.25119397687365247,-0.0013585024207830344,83.64,29,83.42,0.21999999999999886
PILOT-CIFAR10-PreActResNet18-SYMMETRIC_0.5-GCE-S2024,symmetric_0.5,GCE,2024,cifar10,PreActResNet18,30,128,0.05,0.0,2.2500000000000004,2.2500000000000004,946.9426026344299,181e7ac1a42f35e742a7f2e879161bf6d949be7e,81.99,98.68,0.09292975930869578,0.09293054836094378,0.28274456742860027,1.5293787717819214,0.031262807466089726,0.26485050283495004,1.8387798070907593,0.03043403234034775,0.2654284969540693,-0.0008287751257419762,82.5,29,82.48,0.01999999999999602
PILOT-CIFAR10-PreActResNet18-SYMMETRIC_0.5-GCE-S42,symmetric_0.5,GCE,42,cifar10,PreActResNet18,30,128,0.05,0.0,2.2500000000000004,2.2500000000000004,947.6064233779907,181e7ac1a42f35e742a7f2e879161bf6d949be7e,82.39,98.59,0.08987109831869605,0.08953904390931126,0.2723643792592119,1.508535385131836,0.025026189716160312,0.2568493844067383,1.8384803533554077,0.03430636100918053,0.25865908180132613,0.00928017129302022,82.60000000000001,28,82.52,0.0800000000000125
PILOT-CIFAR10-PreActResNet18-SYMMETRIC_0.5-SCE-S1337,symmetric_0.5,SCE,1337,cifar10,PreActResNet18,30,128,0.05,0.0,2.2500000000000004,2.2500000000000004,945.2442865371704,181e7ac1a42f35e742a7f2e879161bf6d949be7e,50.54,90.86,0.3418718683719635,0.3418718801707029,0.8020132018954902,1.7085589170455933,0.19265345521718263,0.6944188126237912,1.8108633756637573,0.17026576834321022,0.6838318429416634,-0.022387686873972412,50.18,30,50.18,0.0
PILOT-CIFAR10-PreActResNet18-SYMMETRIC_0.5-SCE-S2024,symmetric_0.5,SCE,2024,cifar10,PreActResNet18,30,128,0.05,0.0,2.2500000000000004,2.2500000000000004,944.9264924526215,181e7ac1a42f35e742a7f2e879161bf6d949be7e,54.480000000000004,92.14,0.31713297473192215,0.31713298220932484,0.7406324420281911,1.6919599771499634,0.16896451933532955,0.6389344486902131,1.8025109767913818,0.1438801168948412,0.6284558362002043,-0.025084402440488346,53.800000000000004,29,53.78,0.020000000000003126
PILOT-CIFAR10-PreActResNet18-SYMMETRIC_0.5-SCE-S42,symmetric_0.5,SCE,42,cifar10,PreActResNet18,30,128,0.05,0.0,2.2500000000000004,2.2500000000000004,944.7834641933441,181e7ac1a42f35e742a7f2e879161bf6d949be7e,48.07,90.28,0.35438011189997193,0.3543800940036773,0.8347342669717791,1.7139537334442139,0.19951328566670418,0.7200421423966472,1.8109489679336548,0.17843151501268145,0.709587098730781,-0.021081770654022725,48.54,29,48.52,0.01999999999999602
